,model,company,price,Engine,SC,Mileage,1 Kms,1 EngineOil,1 OilFilter,1 AirFilter,1 FuelFilter,1 ServiceCharge,1 BrakeOil,2 Kms,2 EngineOil,2 OilFilter,2 AirFilter,2 FuelFilter,2 ServiceCharge,2 BrakeOil,3 Kms,3 EngineOil,3 OilFilter,3 AirFilter,3 FuelFilter,3 ServiceCharge,3 BrakeOil,4 Kms,4 EngineOil,4 OilFilter,4 AirFilter,4 FuelFilter,4 ServiceCharge,4 BrakeOil,5 Kms,5 EngineOil,5 OilFilter,5 AirFilter,5 FuelFilter,5 ServiceCharge,5 BrakeOil,6 Kms,6 EngineOil,6 OilFilter,6 AirFilter,6 FuelFilter,6 ServiceCharge,6 BrakeOil,1M,2M,3M,4M,5M,6M,Average_cost,ri,image
0,Ford Freestyle,Ford,7.14,1498,5,21.09,2500,1483,124.13,0,0,1975.26,0,5000,1483,124.27,0,0,1974.03,0,10000,1483,123.3,0,0,1973.43,0,20000,1483,125.54,0,0,1973.87,673.95,30000,1483,124.22,0,0,1974.55,0,40000,1483,123.38,351.78,600.04,1976.87,675.03,3582.39,3581.3,3579.73,4256.36,3581.77,5209.32,3965,1,https://media.zigcdn.com/media/model/2019/Sep/ford-freestyle_600x400.jpg
1,Tata Bolt,Tata,6.55,1248,5,18.86,2500,1344,202.58,0,0,1298.36,0,5000,1344,201.74,0,0,1299.41,0,10000,1344,201.86,0,0,1297.65,0,20000,1344,204.96,0,0,1301.71,126.05,30000,1344,199.19,0,0,1300.56,0,40000,1344,199.09,624.67,1897.32,1298.14,121.82,2844.94,2845.15,2843.51,2976.72,2843.75,5485.04,3307,2,https://media.zigcdn.com/media/model/2019/Sep/tata-bolt_600x400.jpg
2,Toyota Prios,Toyota,45.53,1798,5,25.53,2500,1344,647.63,0,0,2450.87,0,5000,1344,652.53,0,0,2453.13,0,10000,1344,651.48,0,0,2446.45,0,20000,1344,651.92,0,0,2448.65,424.71,30000,1344,654.64,0,0,2449.53,0,40000,1344,649.94,1246.29,1398.69,2448.89,424.37,4442.5,4449.66,4441.93,4869.28,4448.17,7512.18,5027,3,https://media.zigcdn.com/media/model/2019/Sep/toyota-prius_600x400.jpg
3,Maruti Suzuki Celerio X,Maruti Suzuki,5.15,998,5,22.47,2500,806,84.89,0,0,1499.81,0,5000,806,84.39,0,0,1500.72,0,10000,806,84.15,0,0,1498.53,0,20000,806,84.4,0,0,1497.38,349.31,30000,806,84.25,0,0,1492.86,0,40000,806,84.47,396.89,396.75,1496.84,350.46,2390.7,2391.11,2388.68,2737.09,2383.11,3531.41,2637,4,https://media.zigcdn.com/media/model/2019/Sep/maruti-celerio-x_600x400.jpg
4,Tata Tiago JTP,Tata,6.75,1199,5,22.48,2500,1400,251.1,0,0,1248.08,0,5000,1400,244.22,0,0,1250.16,0,10000,1400,246.6,0,0,1244.75,0,20000,1400,246.44,0,0,1250.08,425.2,30000,1400,250.61,0,0,1249.75,0,40000,1400,251.19,646.67,601.77,1249.87,424.59,2899.18,2894.38,2891.35,3321.72,2900.36,4574.09,3247,5,https://media.zigcdn.com/media/model/2019/Sep/tata-tiago-jtp_600x400.jpg
5,Honda WRV,Honda,9.24,1498,5,20.52,2500,1865,199.83,0,0,1852.16,0,5000,1765,199.84,0,0,1848.19,0,10000,1765,198.92,0,0,1849.47,0,20000,1765,199.67,0,0,1848.81,198.65,30000,1765,198.95,0,0,1850.09,0,40000,1765,199.83,443.36,555.51,1846.13,200.72,3916.99,3813.03,3813.39,4012.13,3814.04,5010.55,4063,6,https://media.zigcdn.com/media/model/2019/Sep/honda-wrv_600x400.jpg
6,Mahindra XUV300,Mahindra,10.51,1497,5,17.98,2500,1224,224.19,0,0,2160.34,0,5000,1224,225.48,0,0,2112.75,0,10000,1224,224.08,0,0,2091.98,0,20000,1224,225.79,430,0,2160.12,374.88,30000,1224,227.33,0,0,2159.07,0,40000,1224,222.18,323.54,310.98,2219.54,373.5,3608.53,3562.23,3540.06,4414.79,3610.4,4673.74,3902,7,https://media.zigcdn.com/media/model/2019/Sep/mahindra-xuv300_600x400.jpg
7,Mahindra Verito,Mahindra,8.24,1461,5,20.57,2500,1025,524.53,0,0,1985.77,0,5000,1025,524.09,0,0,1990.7,0,10000,1025,526.35,0,0,2012.07,0,20000,1025,521.34,0,0,2022.33,351.38,30000,1025,526.61,0,0,2006.62,0,40000,1025,525.35,525.66,1399.1,2013.17,343.66,3535.3,3539.79,3563.42,3920.05,3558.23,5831.94,3991,8,https://media.zigcdn.com/media/model/2019/Sep/mahindra-verito_600x400.jpg
8,Maruti Suzuki Wagon R,Maruti Suzuki,5.2,1197,5,21.5,2500,1163,84.54,0,0,1652.11,0,5000,1163,84.08,0,0,1653.47,0,10000,1163,84.34,0,0,1646.59,0,20000,1163,84.58,0,0,1648.99,288.81,30000,1163,84.53,0,0,1649.53,0,40000,1163,84.63,175.93,294.8,1650.79,290.73,2899.65,2900.55,2893.93,3185.38,2897.06,3659.88,3073,9,https://media.zigcdn.com/media/model/2019/Sep/maruti-wagonr_600x400.jpg
9,Honda BRV,Honda,11.55,1498,7,17.62,2500,1647,159.42,0,0,2094.42,0,5000,1647,159.85,0,0,2114.85,0,10000,1647,159.08,0,0,2096.76,0,20000,1647,160.58,0,0,2097.33,345.97,30000,1647,158.68,0,0,2104.43,0,40000,1647,159.97,272.73,392.95,2094.82,349.33,3900.84,3921.7,3902.84,4250.88,3910.11,4916.8,4134,10,https://media.zigcdn.com/media/model/2019/Sep/honda-brv_600x400.jpg
10,Toyota Yaris,Toyota,11.15,1496,5,16.51,2500,1056,423.91,0,0,1884.24,0,5000,1056,422.98,0,0,1895.93,0,10000,1056,426.12,0,0,1888.82,0,20000,1056,424.23,0,0,1905.06,1375.28,30000,1056,425.51,0,0,1893.41,0,40000,1056,423.05,223.81,1648.61,1891.83,1377.36,3364.15,3374.91,3370.94,4760.57,3374.92,6620.66,4144,11,https://media.zigcdn.com/media/model/2019/Sep/toyota-yaris_600x400.jpg
11,Honda City,Honda,12.08,1497,5,20.24,2500,1138,146.25,0,0,2256.79,0,5000,1138,146.86,0,0,2245.79,0,10000,1138,150.79,0,0,2315.69,0,20000,1138,151.51,430,0,2257.71,198.54,30000,1138,143.62,0,0,2225.9,0,40000,1138,151.22,424.52,545.31,2281.4,197.74,3541.04,3530.65,3604.48,4175.76,3507.52,4738.19,3850,12,https://media.zigcdn.com/media/model/2019/Sep/honda-city_600x400.jpg
12,Maruti Suzuki Ertiga,Maruti Suzuki,9.16,1498,7,21.43,2500,1299,251.38,0,0,2007.77,0,5000,1299,249.17,0,0,1992.04,0,10000,1299,249.87,0,0,1998.43,0,20000,1299,249.98,0,0,1991.46,396.97,30000,1299,248.43,0,0,2003.54,0,40000,1299,250.24,346.42,500.85,2009.28,400.66,3558.15,3540.21,3547.3,3937.41,3550.97,4806.45,3823,13,https://media.zigcdn.com/media/model/2019/Sep/maruti-ertiga_600x400.jpg
13,Hyundai Grand i10,Hyundai,6.1,1197,5,17.47,2500,934,74.58,0,0,2097.76,0,5000,934,74.64,0,0,2095.15,0,10000,934,74.72,0,0,2107.12,0,20000,934,74.61,0,0,2102.8,346.82,30000,934,74.74,0,0,2106.72,0,40000,934,74.48,145.77,398.27,2095.43,351.26,3106.34,3103.79,3115.84,3458.23,3115.46,3999.21,3316,14,https://media.zigcdn.com/media/model/2019/Sep/hyundai-grand-i10_600x400.jpg
14,Hyundai Elite i20,Hyundai,7.46,1396,5,18.84,2500,1007,74.44,0,0,2248.68,0,5000,1007,74.52,0,0,2251.06,0,10000,1007,74.27,0,0,2250.85,0,20000,1007,75.22,0,0,2248.33,199.67,30000,1007,75.02,0,0,2247.42,0,40000,1007,74.85,226.2,550.31,2247.72,198.92,3330.12,3332.58,3332.12,3530.22,3329.44,4305.9,3527,15,https://media.zigcdn.com/media/model/2019/Sep/hyundai-elite-i20_600x400.jpg
15,Tata Zest,Tata,7.81,1248,5,18.85,2500,1360,122.75,0,0,1304.6,0,5000,1360,123.36,0,0,1308.63,0,10000,1360,123.86,0,0,1299.23,0,20000,1360,124.25,0,0,1298.97,1749.5,30000,1360,123.14,0,0,1294.1,0,40000,1360,125.31,320.72,402.28,1304.08,1754.59,2787.35,2791.99,2783.09,4532.72,2777.24,5266.98,3490,16,https://media.zigcdn.com/media/model/2019/Sep/tata-zest_600x400.jpg
16,Tata Safari Storme,Tata,13.81,2179,7,13.5,2500,2475,394.73,0,0,2147.21,0,5000,2475,397.63,0,0,2164.2,0,10000,2475,395.52,0,0,2142.7,0,20000,2475,399.78,0,0,2138.91,324.78,30000,2475,398.47,0,0,2130.52,0,40000,2475,404.19,397.16,1898.57,2131.92,324.03,5016.94,5036.83,5013.22,5338.47,5003.99,7630.87,5507,17,https://media.zigcdn.com/media/model/2019/Sep/tata-safari-storme_600x400.jpg
17,Honda Amaze,Honda,7.71,1498,5,22.46,2500,1251,159.27,0,0,2051.43,0,5000,1251,159.4,0,0,2050.24,0,10000,1251,159.97,0,0,2055.07,0,20000,1251,159.36,0,0,2046.89,347.52,30000,1251,159.71,0,0,2051.63,0,40000,1251,159.8,449.93,547.48,2050.03,352.2,3461.7,3460.64,3466.04,3804.77,3462.34,4810.44,3744,18,https://media.zigcdn.com/media/model/2019/Oct/honda-amaze_600x400.jpg
18,Hyundai Grand i10 Nios,Hyundai,6.57,1186,5,22.64,2500,1159,74.35,0,0,2099.17,0,5000,934,74.66,0,0,2102.54,0,10000,934,74.36,0,0,2104.26,0,20000,934,74.83,0,0,2096.72,350.13,30000,934,74.33,0,0,2093.46,0,40000,934,74.12,148.76,399.9,2099.03,344.23,3332.52,3111.2,3112.62,3455.68,3101.79,4000.04,3352,19,https://media.zigcdn.com/media/model/2019/Sep/hyundai-grand-i10-nios_600x400.jpg
19,Ford Figo,Ford,6.48,1497,5,22.33,2500,1483,125.63,0,0,1674.75,0,5000,1483,122.47,0,0,1677.32,0,10000,1483,126.75,0,0,1673.29,0,20000,1483,125.19,0,0,1674.8,676.08,30000,1483,125.68,0,0,1672.91,0,40000,1483,127.31,375.89,874.7,1672.43,677.93,3283.38,3282.79,3283.04,3959.07,3281.59,5211.26,3717,20,https://media.zigcdn.com/media/model/2019/Sep/ford-figo_600x400.jpg
20,Tata Tiago,Tata,5.7,1047,5,24.36,2500,1505,248.51,0,0,1052.9,0,5000,1505,254.05,0,0,1044.55,0,10000,1505,251.54,0,0,1044.56,0,20000,1505,247.63,0,0,1058.28,114.48,30000,1505,248.54,0,0,1040.68,0,40000,1505,250.57,547.43,401.7,1041.89,114.88,2806.41,2803.6,2801.1,2925.39,2794.22,3861.47,2999,21,https://media.zigcdn.com/media/model/2019/Sep/tata-tiago_600x400.jpg
21,Maruti Suzuki Ciaz,Maruti Suzuki,9.6,1498,5,23.51,2500,1243,84.18,0,0,2759.69,0,5000,1243,84.41,0,0,2786.74,0,10000,1243,84.51,0,0,2778.57,0,20000,1243,84.9,0,0,2750.77,374.76,30000,1243,84.93,0,0,2804.32,0,40000,1243,84.13,275.98,348.57,2743.12,371.88,4086.87,4114.15,4106.08,4453.43,4132.25,5065.7,4326,22,https://media.zigcdn.com/media/model/2019/Sep/maruti-ciaz_600x400.jpg
22,Ford EcoSport,Ford,9.82,1498,5,17.96,2500,1128,123.31,0,0,2709.28,0,5000,1128,125.11,0,0,2708.41,0,10000,1128,121.74,0,0,2710.16,0,20000,1128,123.73,0,0,2708.48,673.93,30000,1128,120.73,0,0,2709.35,0,40000,1128,124.05,345.4,578.85,2710.01,675.4,3960.59,3961.52,3959.9,4634.14,3958.08,5561.71,4339,23,https://media.zigcdn.com/media/model/2019/Sep/ford-ecosport_600x400.jpg
23,Tata Hexa,Tata,16.65,2179,7,16.57,2500,3203,298.44,0,0,2401.3,0,5000,3203,301.87,0,0,2398.55,0,10000,3203,298.66,0,0,2406.85,0,20000,3203,298.07,0,0,2408.39,373.99,30000,3203,299.18,0,0,2400.92,0,40000,3203,295.84,923.51,925.03,2398.4,374.51,5902.74,5903.42,5908.51,6283.45,5903.1,8120.29,6337,24,https://media.zigcdn.com/media/model/2019/Sep/tata-hexa_600x400.jpg
24,Hyundai Xcent,Hyundai,7.22,1186,5,20.99,2500,934,74.18,0,0,2249.49,0,5000,934,74.46,0,0,2250.58,0,10000,934,74.84,0,0,2251.41,0,20000,934,74.71,0,0,2248.55,348.16,30000,934,74.27,0,0,2250.73,0,40000,934,74.26,150.73,397.15,2245.16,349.94,3257.67,3259.04,3260.25,3605.42,3259.0,4151.24,3465,25,https://media.zigcdn.com/media/model/2019/Sep/hyundai-xcent_600x400.jpg
25,Honda Accord,Honda,43.23,1993,5,22.6,2500,1127,149.32,0,0,3525.34,0,5000,1127,145.26,0,0,3509.93,0,10000,1127,149.16,0,0,3502.26,0,20000,1127,151.49,0,0,3521.05,325.89,30000,1127,146.06,0,0,3492.3,0,40000,1127,151.58,424.82,395.31,3495.76,327.08,4801.66,4782.19,4778.42,5125.43,4765.36,5921.55,5029,26,https://media.zigcdn.com/media/model/2019/Sep/honda-accord_600x400.jpg
26,Maruti Suzuki Dzire,Maruti Suzuki,7.6,1248,5,24.52,2500,1243,79.73,0,0,2114.36,0,5000,1243,79.6,0,0,2096.16,0,10000,1243,79.74,0,0,2098.53,0,20000,1243,79.34,0,0,2105.5,400.35,30000,1243,79.29,0,0,2102.82,0,40000,1243,79.26,299.83,325.35,2094.91,395.39,3437.09,3418.76,3421.27,3828.19,3425.11,4437.74,3661,27,https://media.zigcdn.com/media/model/2019/Sep/maruti-dzire_600x400.jpg
27,Toyota Platinum Etios,Toyota,7.99,1364,5,18.94,2500,1100,247.82,0,0,1512.36,0,5000,1100,250.16,0,0,1514.56,0,10000,1100,253.68,0,0,1512.72,0,20000,1100,249.93,0,0,1511.93,180.03,30000,1100,243.97,0,0,1512.42,0,40000,1100,248.37,423.11,1801.5,1510.84,180.28,2860.18,2864.72,2866.4,3041.89,2856.39,5264.1,3292,28,https://media.zigcdn.com/media/model/2019/Sep/toyota-platinum-etios_600x400.jpg
28,Tata Nexon,Tata,9.01,1497,5,18.72,2500,2000,173.89,0,0,2000.05,0,5000,2000,179.06,0,0,2007.25,0,10000,2000,174.01,0,0,1996.67,0,20000,2000,175.39,0,0,1996.8,375.93,30000,2000,172.16,0,0,2000.64,0,40000,2000,173.22,451.57,312.58,1994.63,375.32,4173.94,4186.31,4170.68,4548.12,4172.8,5307.9,4426,29,https://media.zigcdn.com/media/model/2019/Sep/tata-nexon_600x400.jpg
29,Mahindra XUV500,Mahindra,15.73,2179,7,14.48,2500,2340,205.51,0,0,2196.57,0,5000,2340,197.76,0,0,2194.08,0,10000,2340,197.27,0,0,2198.37,0,20000,2340,203.65,0,0,2201.8,243.07,30000,2340,200.97,0,0,2196.66,0,40000,2340,198.7,951.17,1599.05,2207.67,248.73,4742.08,4731.84,4735.64,4988.52,4737.63,7545.32,5247,30,https://media.zigcdn.com/media/model/2019/Sep/mahindra-xuv500_600x400.jpg
30,Hyundai Tucson,Hyundai,22.7,1995,5,14.39,2500,1260,349.52,0,0,2551.0,0,5000,1260,351.3,0,0,2553.74,0,10000,1260,349.03,0,0,2548.63,0,20000,1260,352.4,0,0,2550.27,399.97,30000,1260,350.7,0,0,2547.46,0,40000,1260,349.94,800.98,2505.16,2553.68,402.34,4160.52,4165.04,4157.66,4562.64,4158.16,7871.12,4846,31,https://media.zigcdn.com/media/model/2019/Sep/hyundai-tucson_600x400.jpg
31,Hyundai Santro,Hyundai,5.06,1086,5,24.49,2500,840,74.39,0,0,2096.29,0,5000,840,74.39,0,0,2108.68,0,10000,840,73.67,0,0,2099.45,0,20000,840,74.57,0,0,2094.56,353.5,30000,840,74.44,0,0,2090.2,0,40000,840,74.77,146.01,395.28,2103.64,350.42,3010.68,3023.07,3013.12,3362.63,3004.64,3910.12,3221,32,https://media.zigcdn.com/media/model/2019/Sep/hyundai-santro_600x400.jpg
32,Hyundai Creta,Hyundai,12.94,1582,5,18.0,2500,1008,174.28,0,0,2420.81,0,5000,1007,174.79,0,0,2425.45,0,10000,1007,174.69,0,0,2425.89,0,20000,1007,174.14,0,0,2423.54,200.16,30000,1007,174.65,0,0,2425.32,0,40000,1007,174.72,247.46,551.86,2422.43,199.95,3603.09,3607.24,3607.58,3804.84,3606.97,4603.42,3806,33,https://media.zigcdn.com/media/model/2019/Sep/hyundai-creta_600x400.jpg
33,Hyundai i20 Active,Hyundai,8.81,1396,5,18.56,2500,1410,200.73,0,0,2391.17,0,5000,1410,206.01,0,0,2394.7,0,10000,1410,206.24,0,0,2390.61,0,20000,1410,204.38,0,0,2409.35,94.47,30000,1410,192.79,0,0,2396.35,0,40000,1410,202.61,394.45,394.21,2399.96,94.02,4001.9,4010.71,4006.85,4118.2,3999.14,4895.25,4172,34,https://media.zigcdn.com/media/model/2019/Sep/hyundai-i20-active_600x400.jpg
34,Maruti Suzuki Alto K10,Maruti Suzuki,4.01,998,5,27.21,2500,1102,90.84,0,0,1474.94,0,5000,1102,90.5,0,0,1476.03,0,10000,1102,89.65,0,0,1476.8,0,20000,1102,89.54,0,0,1475.57,175.03,30000,1102,89.41,0,0,1474.4,0,40000,1102,88.14,999.66,446.94,1476.68,173.71,2667.78,2668.53,2668.45,2842.14,2665.81,4287.13,2967,35,https://media.zigcdn.com/media/model/2019/Sep/maruti-alto-k10_600x400.jpg
35,Ford Aspire,Ford,7.52,1497,5,20.58,2500,1128,124.76,0,0,1951.91,0,5000,1128,125.78,0,0,1943.6,0,10000,1128,125.52,0,0,1948.36,0,20000,1128,125.05,0,0,1953.79,675.81,30000,1128,123.17,0,0,1948.58,0,40000,1128,126.22,349.9,374.07,1950.12,673.46,3204.67,3197.38,3201.88,3882.65,3199.75,4601.77,3548,36,https://media.zigcdn.com/media/model/2019/Sep/ford-aspire_600x400.jpg
36,Honda CR-V,Honda,30.64,1597,7,15.96,2500,1260,149.72,0,0,3009.05,0,5000,1260,149.55,0,0,2995.26,0,10000,1260,149.25,0,0,3001.27,0,20000,1260,149.48,0,0,2988.03,643.79,30000,1260,148.83,0,0,2989.96,0,40000,1260,149.26,1497.23,1500.18,2992.36,653.24,4418.77,4404.81,4410.52,5041.3,4398.79,8052.27,5121,37,https://media.zigcdn.com/media/model/2019/Sep/honda-cr-v_600x400.jpg
37,Kia Seltos,Kia,13.38,1493,5,17.56,2500,1189,201.4,0,0,1959.4,0,5000,1189,198.4,0,0,1955.3,0,10000,1189,196.17,0,0,1939.54,0,20000,1189,202.29,0,0,1948.42,174.3,30000,1189,199.24,0,0,1940.89,0,40000,1189,201.83,174.36,450.58,1964.15,174.27,3349.8,3342.7,3324.71,3514.01,3329.13,4154.19,3502,38,https://media.zigcdn.com/media/model/2019/Sep/kia-seltos_600x400.jpg
38,Mahindra KUV100 NXT,Mahindra,6.39,1198,6,20.98,2500,1320,154.64,0,0,1146.05,0,5000,1320,148.98,0,0,1149.96,0,10000,1320,146.12,0,0,1150.71,0,20000,1320,148.98,0,0,1151.62,199.68,30000,1320,153.2,0,0,1142.68,0,40000,1320,146.44,275.92,296.85,1151.57,199.59,2620.69,2618.94,2616.83,2820.28,2615.88,3390.37,2780,39,https://media.zigcdn.com/media/model/2019/Sep/mahindra-kuv100-nxt_600x400.jpg
39,Honda Civic,Honda,20.15,1597,5,20.18,2500,1645,179.89,0,0,1494.78,0,5000,1645,179.87,0,0,1499.41,0,10000,1645,179.94,0,0,1497.85,0,20000,1645,179.73,0,0,1501.16,249.08,30000,1645,179.43,0,0,1505.29,0,40000,1645,179.38,950.95,1201.22,1499.45,251.26,3319.67,3324.28,3322.79,3574.97,3329.72,5727.26,3766,40,https://media.zigcdn.com/media/model/2019/Sep/honda-civic_600x400.jpg
40,Mahindra Scorpio,Mahindra,13.54,2179,7,15.0,2500,1992,204.89,0,0,2402.83,0,5000,1992,204.47,0,0,2395.08,0,10000,1992,204.45,0,0,2403.73,0,20000,1992,204.8,0,0,2395.14,226.72,30000,1992,204.77,0,0,2396.78,0,40000,1992,204.6,624.92,1551.8,2416.3,221.81,4599.72,4591.55,4600.18,4818.66,4593.55,7011.43,5036,41,https://media.zigcdn.com/media/model/2019/Sep/mahindra-scorpio_600x400.jpg
41,Toyota Glanza,Toyota,8.1,1197,5,20.35,2500,1470,81.99,0,0,1952.38,0,5000,1470,81.8,0,0,1952.78,0,10000,1470,81.92,0,0,1946.49,0,20000,1470,81.97,0,0,1951.57,353.93,30000,1470,81.84,0,0,1951.74,0,40000,1470,82.05,277.09,590.2,1956.48,350.54,3504.37,3504.58,3498.41,3857.47,3503.58,4726.36,3766,42,https://media.zigcdn.com/media/model/2019/Sep/toyota-glanza_600x400.jpg
42,Hyundai Verna,Hyundai,10.92,1582,5,19.72,2500,1008,174.12,0,0,2245.89,0,5000,1007,174.62,0,0,2248.67,0,10000,1007,174.53,0,0,2251.3,0,20000,1007,174.24,0,0,2250.84,199.61,30000,1007,174.26,0,0,2255.32,0,40000,1007,174.24,249.39,548.78,2251.2,199.25,3428.01,3430.29,3432.83,3631.69,3436.58,4429.86,3632,43,https://media.zigcdn.com/media/model/2019/Sep/hyundai-verna_600x400.jpg
43,Hyundai Elantra,Hyundai,17.56,1999,5,13.5,2500,1159,343.49,0,0,2551.19,0,5000,1159,346.55,0,0,2550.29,0,10000,1159,347.97,0,0,2549.04,0,20000,1159,347.72,0,0,2554.2,346.98,30000,1159,344.22,0,0,2551.0,0,40000,1159,352.13,1775.46,798.82,2548.18,348.66,4053.68,4055.84,4056.01,4407.9,4054.22,6982.25,4602,44,https://media.zigcdn.com/media/model/2019/Oct/hyundai_elantra_600x400.jpg
44,Maruti Suzuki Ignis,Maruti Suzuki,5.87,1197,5,19.61,2500,2000,89.23,0,0,1275.19,0,5000,2000,90.05,0,280,1274.09,0,10000,2000,89.08,0,280,1275.65,0,20000,2000,89.15,0,280,1274.97,455.18,30000,2000,89.83,0,280,1274.36,0,40000,2000,89.42,299.99,299.2,1273.54,448.05,3364.42,3644.14,3644.73,4099.3,3644.19,4410.2,3801,45,https://media.zigcdn.com/media/model/2019/Sep/maruti-ignis_600x400.jpg
45,Honda Jazz,Honda,8.42,1498,5,22.1,2500,1011,145.82,0,0,2048.22,0,5000,1011,145.77,0,0,1997.58,0,10000,1011,151.3,0,0,1958.28,0,20000,1011,153.12,0,0,2003.57,345.8,30000,1011,141.69,0,0,1960.48,0,40000,1011,149.47,426.16,395.84,1986.48,350.78,3205.04,3154.35,3120.58,3513.49,3113.17,4319.73,3404,46,https://media.zigcdn.com/media/model/2019/Sep/honda-jazz_600x400.jpg
46,Hyundai Venue,Hyundai,8.74,998,5,19.44,2500,1007,74.39,0,0,2055.39,0,5000,1007,74.34,0,0,2049.97,0,10000,1007,74.63,0,0,2055.24,0,20000,1007,74.59,0,0,2051.52,200.98,30000,1007,74.44,0,0,2047.75,0,40000,1007,74.42,228.9,550.33,2054.15,199.77,3136.78,3131.31,3136.87,3334.09,3129.19,4113.67,3330,47,https://media.zigcdn.com/media/model/2019/Sep/hyundai-venue_600x400.jpg
47,Tata Harrier,Tata,15.4,1956,5,16.54,2500,3470,648.19,0,0,1945.68,0,5000,3470,649.67,0,0,1949.23,0,10000,3470,648.12,0,0,1949.88,0,20000,3470,651.97,0,0,1953.58,548.42,30000,3470,651.68,0,0,1954.43,0,40000,3470,651.71,855.52,1499.37,1949.54,552.8,6063.87,6068.9,6068.0,6623.97,6076.11,8978.94,6647,48,https://media.zigcdn.com/media/model/2019/Sep/tata-harrier_600x400.jpg
48,Maruti Suzuki Baleno,Maruti Suzuki,7.33,1197,5,23.49,2500,1670,350.16,0,0,1700.77,0,5000,1670,347.69,0,0,1703.6,0,10000,1670,350.57,0,0,1695.85,0,20000,1670,347.14,0,0,1689.16,184.55,30000,1670,348.72,0,0,1699.73,0,40000,1670,349.74,301.97,1546.39,1697.1,184.54,3720.93,3721.29,3716.42,3890.85,3718.45,5749.74,4086,49,https://media.zigcdn.com/media/model/2019/Sep/maruti-suzuki-baleno_600x400.jpg
49,Maruti Suzuki XL6,Maruti Suzuki,10.54,1462,6,17.59,2500,2202,406.84,0,0,2210.77,0,5000,2202,398.58,0,0,2209.48,0,10000,2202,402.48,0,0,2201.63,0,20000,2202,400.23,0,0,2189.96,352.65,30000,2202,403.57,0,0,2190.53,0,40000,2202,396.28,392.74,351.56,2206.53,353.89,4819.61,4810.06,4806.11,5144.84,4796.1,5903.98,5047,50,https://media.zigcdn.com/media/model/2019/Sep/maruti-xl6_600x400.jpg
50,Tata Tigor,Tata,6.82,1047,5,21.39,2500,1698,177.23,0,0,1450.47,0,5000,1698,174.33,0,0,1451.46,0,10000,1698,174.53,0,0,1447.44,0,20000,1698,175.53,0,0,1447.6,301.1,30000,1698,175.74,0,0,1451.79,0,40000,1698,174.83,648.81,446.1,1448.66,299.84,3325.7,3323.79,3319.97,3622.23,3325.53,4716.24,3606,51,https://media.zigcdn.com/media/model/2019/Sep/tata-tigor_600x400.jpg
51,Tata Tigor JTP,Tata,7.42,1199,5,19.55,2500,1750,624.62,0,0,1550.96,0,5000,1750,623.86,0,0,1543.69,0,10000,1750,625.3,0,0,1548.84,0,20000,1750,623.31,0,0,1559.12,323.61,30000,1750,626.05,0,0,1545.45,0,40000,1750,624.48,498.71,598.18,1556.34,324.52,3925.58,3917.55,3924.14,4256.04,3921.5,5352.23,4216,52,https://media.zigcdn.com/media/model/2019/Sep/tata-tigor-jtp_600x400.jpg
52,Mahindra Xylo,Mahindra,10.76,2179,8,13.6,2500,2298,297.21,0,0,1500.55,0,5000,2298,297.06,0,0,1501.33,0,10000,2298,300.82,0,0,1485.64,0,20000,2298,296.93,0,0,1497.01,251.41,30000,2298,298.75,0,0,1491.48,0,40000,2298,299.23,952.49,1495.97,1504.01,246.66,4095.76,4096.39,4084.46,4343.35,4088.23,6796.36,4584,53,https://media.zigcdn.com/media/model/2019/Sep/mahindra-xylo_600x400.jpg
53,Maruti Suzuki Celerio,Maruti Suzuki,4.89,998,5,26.5,2500,1449,323.11,0,0,1253.92,0,5000,1449,323.57,0,0,1252.89,0,10000,1449,324.81,0,0,1250.03,0,20000,1449,325.18,0,0,1248.13,1298.22,30000,1449,325.05,0,0,1249.37,0,40000,1449,325.16,526.01,302.1,1246.28,1297.89,3026.03,3025.46,3023.84,4320.53,3023.42,5146.44,3594,54,https://media.zigcdn.com/media/model/2019/Sep/maruti-celerio_600x400.jpg
54,Ford Endeavour,Ford,31.87,3198,7,11.0,2500,3010,125.04,0,0,2953.43,0,5000,3010,122.45,0,0,2950.74,0,10000,3010,122.19,0,0,2951.72,0,20000,3010,126.5,0,0,2949.61,676.61,30000,3010,126.49,0,0,2948.35,0,40000,3010,123.72,1373.3,1225.68,2944.86,673.37,6088.47,6083.19,6083.91,6762.72,6084.84,9350.93,6742,55,https://media.zigcdn.com/media/model/2019/Sep/ford-endeavour_600x400.jpg
55,Maruti Suzuki Eeco,Maruti Suzuki,4.19,1196,5,17.38,2500,1200,89.46,0,0,952.04,0,5000,1200,89.52,0,0,950.78,0,10000,1200,89.81,0,0,951.7,0,20000,1200,89.83,0,0,950.05,347.49,30000,1200,90.15,0,0,951.4,0,40000,1200,89.76,224.78,399.98,951.04,346.08,2241.5,2240.3,2241.51,2587.37,2241.55,3211.64,2461,56,https://media.zigcdn.com/media/model/2019/Sep/maruti-eeco_600x400.jpg
56,Maruti Suzuki S-Presso,Maruti Suzuki,4.32,998,5,20.55,2500,1080,272.88,0,0,2198.25,0,5000,1080,273.83,0,0,2208.37,0,10000,1080,273.59,0,0,2210.47,0,20000,1080,275.75,0,0,2197.36,350.49,30000,1080,273.22,0,0,2197.01,0,40000,1080,271.76,452.36,397.56,2209.56,353.33,3551.13,3562.2,3564.06,3903.6,3550.23,4764.57,3816,57,https://media.zigcdn.com/media/model/2019/Sep/maruti_s_presso_600x400.jpg
57,Toyota Etios Liva,Toyota,6.67,1364,5,19.93,2500,2648,299.63,0,0,2151.9,0,5000,2648,295.41,0,0,2162.85,0,10000,2648,298.99,0,0,2159.6,0,20000,2648,298.47,0,0,2153.55,323.2,30000,2648,296.95,0,0,2175.56,0,40000,2648,299.01,225.07,324.33,2152.76,322.72,5099.53,5106.26,5106.59,5423.22,5120.51,5971.89,5305,58,https://media.zigcdn.com/media/model/2019/Sep/toyota-etios-liva_600x400.jpg
58,Mahindra TUV 300 Plus,Mahindra,10.69,2197,9,17.44,2500,2040,199.8,0,0,1907.75,0,5000,2040,198.96,0,0,1899.51,0,10000,2040,200.26,0,0,1904.13,0,20000,2040,198.99,0,0,1905.53,175.59,30000,2040,199.03,0,0,1901.03,0,40000,2040,200.04,589.45,611.49,1899.13,175.64,4147.55,4138.47,4144.39,4320.11,4140.06,5515.75,4401,59,https://media.zigcdn.com/media/model/2019/Sep/mahindra-tuv-300-plus_600x400.jpg
59,Maruti Suzuki Alto 800,Maruti Suzuki,3.5,796,5,28.66,2500,1198,84.73,0,0,1601.67,0,5000,1198,84.28,0,0,1600.77,0,10000,1198,84.16,0,0,1593.54,0,20000,1198,84.54,0,0,1605.48,346.13,30000,1198,84.95,0,0,1601.38,0,40000,1198,84.28,296.76,394.55,1594.55,345.07,2884.4,2883.05,2875.7,3234.15,2884.33,3913.21,3112,60,https://media.zigcdn.com/media/model/2019/Sep/maruti-alto-800_600x400.jpg
60,Tata Tiago NRG,Tata,6.4,1047,5,24.95,2500,1505,199.73,0,0,2000.82,0,5000,1505,201.2,0,0,1992.79,0,10000,1505,198.82,0,0,1991.64,0,20000,1505,199.75,0,0,2010.77,654.03,30000,1505,201.12,0,0,2001.99,0,40000,1505,199.86,425.63,874.72,2001.8,651.69,3705.55,3698.99,3695.46,4369.55,3708.11,5658.7,4139,61,https://media.zigcdn.com/media/model/2019/Sep/tata-tiago-nrg_600x400.jpg
61,Maruti Suzuki Swift,Maruti Suzuki,6.93,1248,5,24.16,2500,1148,99.65,0,0,983.92,0,5000,1148,99.24,0,0,1014.78,0,10000,1148,99.66,0,0,1001.31,0,20000,1148,99.99,0,0,995.21,353.18,30000,1148,99.27,0,0,997.01,0,40000,1148,99.29,302.53,306.29,1004.61,351.46,2231.57,2262.02,2248.97,2596.38,2244.28,3212.18,2466,62,https://media.zigcdn.com/media/model/2019/Sep/ford-freestyle_600x400.jpg
62,Maruti Suzuki Baleno RS,Maruti Suzuki,7.88,998,5,20.58,2500,1398,99.7,0,0,2300.1,0,5000,1398,99.59,0,0,2313.3,0,10000,1398,100.79,0,0,2300.5,0,20000,1398,99.32,0,0,2295.72,450.01,30000,1398,98.49,0,0,2297.01,0,40000,1398,98.66,352.7,445.97,2301.98,451.9,3797.8,3810.89,3799.29,4243.05,3793.5,5049.21,4082,63,https://media.zigcdn.com/media/model/2019/Sep/maruti-baleno-rs_600x400.jpg
63,Maruti Suzuki S-Cross,Maruti Suzuki,10.18,1248,5,24.48,2500,1155,393.61,0,0,3211.36,0,5000,1155,405.45,0,0,3197.05,0,10000,1155,400.56,0,0,3205.63,0,20000,1155,396.79,0,0,3198.43,304.97,30000,1155,395.34,0,0,3175.41,0,40000,1155,399.58,401.62,1199.73,3193.16,301.87,4759.97,4757.5,4761.19,5055.19,4725.75,6650.96,5118,64,https://media.zigcdn.com/media/model/2019/Sep/maruti-s-cross_600x400.jpg
64,Maruti Suzuki Vitara Brezza,Maruti Suzuki,9.08,1248,5,23.49,2500,2000,741.01,0,0,2200.69,0,5000,2000,752.26,0,0,2187.93,0,10000,2000,751.15,0,0,2206.26,0,20000,2000,744.6,0,0,2217.94,395.3,30000,2000,751.57,0,0,2215.27,0,40000,2000,756.09,356.58,1301.61,2216.77,396.43,4941.7,4940.19,4957.41,5357.84,4966.84,7027.48,5365,65,https://media.zigcdn.com/media/model/2019/Sep/maruti-vitara-brezza_600x400.jpg
65,Toyota Land Cruiser Prado,Toyota,96.52,2982,7,10.5,2500,2880,625.67,0,0,1538.57,0,5000,2880,625.83,0,0,1560.09,0,10000,2880,626.71,0,0,1544.5,0,20000,2880,625.19,0,0,1543.39,324.97,30000,2880,624.72,0,0,1563.57,0,40000,2880,623.28,1526.69,2450.23,1537.46,324.22,5044.24,5065.92,5051.21,5373.55,5068.29,9341.88,5824,66,https://media.zigcdn.com/media/model/2019/Sep/toyota-land-cruiser-prado-1_600x400.jpg
66,Toyota Fortuner,Toyota,31.0,2755,7,12.02,2500,1665,702.18,0,0,1947.64,0,5000,1665,698.54,0,0,1932.55,0,10000,1665,695.97,0,0,1933.4,0,20000,1665,701.28,0,0,1933.21,424.7,30000,1665,700.63,0,0,1944.49,0,40000,1665,700.25,1726.57,1543.54,1938.47,422.91,4314.82,4296.09,4294.37,4724.19,4310.12,7996.49,4989,67,https://media.zigcdn.com/media/model/2019/Sep/toyota-fortuner_600x400.jpg
67,Toyota Innova Crysta,Toyota,18.87,2393,7,11.13,2500,2438,371.08,0,0,1044.56,0,5000,2438,377.49,0,0,1044.9,0,10000,2438,372.83,0,0,1049.33,0,20000,2438,371.58,0,0,1046.46,376.25,30000,2438,371.67,0,0,1048.55,0,40000,2438,373.42,1594.75,312.95,1052.04,372.89,3853.64,3860.39,3860.16,4232.29,3858.22,6144.05,4301,68,https://media.zigcdn.com/media/model/2019/Sep/toyota-innova-crysta_600x400.jpg
68,Toyota Etios Cross,Toyota,7.38,1496,5,18.7,2500,5040,525.11,0,0,2005.68,0,5000,5040,526.05,0,0,1993.64,0,10000,5040,524.18,0,0,2002.83,0,20000,5040,523.42,0,0,1989.71,653.17,30000,5040,527.68,0,0,1993.81,0,40000,5040,524.04,523.47,373.81,2000.74,652.44,7570.79,7559.69,7567.01,8206.3,7561.49,9114.5,7930,69,https://media.zigcdn.com/media/model/2019/Sep/toyota-etios-cross_600x400.jpg
69,Toyota Corolla Altis,Toyota,18.3,1798,5,16.36,2500,1197,523.73,0,0,1142.75,0,5000,1197,523.78,0,0,1137.03,0,10000,1197,522.78,0,0,1145.53,0,20000,1197,526.83,0,0,1149.75,249.61,30000,1197,524.44,0,0,1165.39,0,40000,1197,523.19,1189.03,296.9,1148.35,242.73,2863.48,2857.81,2865.31,3123.19,2886.83,4597.2,3199,70,https://media.zigcdn.com/media/model/2019/Sep/toyota-corolla-altis_600x400.jpg
70,Toyota Camry 2019,Toyota,38.41,2487,5,18.57,2500,1376,724.2,0,0,1444.11,0,5000,1376,724.43,0,0,1446.81,0,10000,1376,722.22,0,0,1449.79,0,20000,1376,727.25,0,0,1451.51,125.78,30000,1376,724.43,0,0,1447.93,0,40000,1376,722.43,1447.4,1397.41,1448.56,125.1,3544.31,3547.24,3548.01,3680.54,3548.36,6516.9,4064,71,https://media.zigcdn.com/media/model/2019/Sep/toyota-camry_600x400.jpg
71,Toyota Land Cruiser,Toyota,147.11,4461,7,10.41,2500,2944,952.8,0,0,1982.27,0,5000,2944,951.3,0,0,2021.59,0,10000,2944,952.6,0,0,2015.0,0,20000,2944,949.83,0,0,1990.47,753.58,30000,2944,943.75,0,0,1979.65,0,40000,2944,946.4,1496.38,1598.56,1997.06,751.12,5879.07,5916.89,5911.6,6637.88,5867.4,9733.52,6658,72,https://media.zigcdn.com/media/model/2019/Sep/toyota-land-cruiser-prado_600x400.jpg
72,Mahindra Thar,Mahindra,9.8,2498,6,15.48,2500,1440,164.82,0,0,796.54,0,5000,1440,164.9,0,0,785.4,0,10000,1440,165.5,0,0,797.75,0,20000,1440,164.78,0,0,808.44,94.99,30000,1440,164.25,0,0,799.26,0,40000,1440,164.91,424.31,1803.24,801.04,94.38,2401.36,2390.3,2403.25,2508.21,2403.51,4727.88,2806,73,https://media.zigcdn.com/media/model/2019/Sep/mahindra-thar_600x400.jpg
